iFavoritos,iNota,sEmpresa
22,4,Grupo JBS
22,3,Canal Rural
22,5,Âmbar Energia
22,4,Canal Rural
22,3,Picpay
22,4,Grupo Flora
22,1,Picpay
22,3,Grupo Flora
22,2,Canal Rural
22,3,Âmbar Energia
22,4,Canal Rural
22,4,Canal Rural
22,4,Outros
22,4,Grupo JBS
22,1,Eldorado Brasil
22,5,Eldorado Brasil
22,1,Lhg Mining
22,1,Lhg Mining
22,1,Grupo Flora
22,1,Canal Rural
22,3,Banco Original
22,2,Instituto J&F
22,1,Picpay
22,4,Eldorado Brasil
22,2,Outros
22,2,Banco Original
22,3,Eldorado Brasil
22,5,Instituto J&F
22,5,Grupo JBS
22,3,Banco Original
22,3,Grupo JBS
22,4,Instituto J&F
22,5,Banco Original
22,3,Eldorado Brasil
22,1,Âmbar Energia
22,4,Banco Original
22,3,Lhg Mining
22,3,Picpay
22,4,Banco Original
22,4,Lhg Mining
22,2,Canal Rural
22,3,Banco Original
22,3,Eldorado Brasil
22,3,Eldorado Brasil
22,3,Grupo JBS
22,2,Outros
22,5,Banco Original
22,3,Banco Original
22,5,Lhg Mining
22,3,Banco Original
22,1,Grupo Flora
22,3,Instituto J&F
22,3,Outros
22,4,Grupo Flora
22,5,Âmbar Energia
22,3,Lhg Mining
22,4,Picpay
22,5,Eldorado Brasil
22,1,Banco Original
22,5,Grupo Flora
22,1,Instituto J&F
22,1,Lhg Mining
22,2,Instituto J&F
22,1,Banco Original
22,1,Canal Rural
22,5,Picpay
22,5,Grupo JBS
22,3,Instituto J&F
22,4,Picpay
22,5,Outros
22,3,Picpay
22,1,Banco Original
22,2,Grupo JBS
22,3,Picpay
22,4,Eldorado Brasil
22,5,Grupo Flora
22,1,Lhg Mining
22,4,Grupo Flora
22,1,Canal Rural
22,3,Canal Rural
22,4,Banco Original
22,1,Lhg Mining
22,5,Banco Original
22,4,Âmbar Energia
22,4,Outros
22,1,Outros
22,3,Instituto J&F
22,3,Instituto J&F
22,3,Grupo Flora
22,3,Âmbar Energia
22,3,Instituto J&F
22,4,Lhg Mining
22,4,Instituto J&F
22,1,Lhg Mining
22,1,Grupo JBS
22,2,Instituto J&F
22,5,Picpay
22,1,Grupo JBS
22,2,Banco Original
22,1,Outros
22,3,Grupo Flora
22,2,Banco Original
22,1,Picpay
22,5,Âmbar Energia
22,4,Lhg Mining
22,1,Grupo Flora
22,5,Lhg Mining
22,2,Âmbar Energia
22,2,Outros
22,5,Canal Rural
22,1,Outros
22,4,Outros
22,4,Grupo Flora
22,1,Instituto J&F
22,5,Outros
22,2,Lhg Mining
22,1,Banco Original
22,2,Âmbar Energia
22,1,Grupo JBS
22,2,Instituto J&F
22,4,Outros
22,4,Grupo JBS
22,5,Picpay
22,3,Âmbar Energia
22,2,Outros
22,4,Lhg Mining
22,5,Lhg Mining
22,4,Picpay
22,3,Eldorado Brasil
22,3,Âmbar Energia
22,4,Banco Original
22,3,Grupo JBS
22,3,Instituto J&F
22,5,Lhg Mining
22,4,Banco Original
22,1,Eldorado Brasil
22,1,Eldorado Brasil
22,3,Grupo Flora
22,4,Banco Original
22,4,Outros
22,2,Banco Original
22,2,Instituto J&F
22,5,Canal Rural
22,4,Canal Rural
22,3,Lhg Mining
22,3,Grupo JBS
22,4,Lhg Mining
22,5,Grupo Flora
22,2,Eldorado Brasil
22,2,Instituto J&F
22,5,Âmbar Energia
22,2,Picpay
22,4,Grupo JBS
22,3,Grupo Flora
22,2,Âmbar Energia
22,1,Grupo Flora
22,3,Eldorado Brasil
22,1,Instituto J&F
22,1,Canal Rural
22,4,Grupo Flora
22,1,Outros
22,5,Lhg Mining
22,1,Âmbar Energia
22,1,Outros
22,4,Picpay
22,5,Picpay
22,1,Outros
22,3,Grupo Flora
22,2,Grupo JBS
22,4,Picpay
22,1,Banco Original
22,5,Grupo Flora
22,2,Instituto J&F
22,4,Picpay
22,4,Banco Original
22,2,Âmbar Energia
22,4,Grupo Flora
22,2,Grupo JBS
22,5,Picpay
22,1,Outros
22,1,Âmbar Energia
22,3,Picpay
22,2,Lhg Mining
22,2,Picpay
22,4,Canal Rural
22,1,Grupo JBS
22,5,Canal Rural
22,1,Âmbar Energia
22,2,Eldorado Brasil
22,5,Canal Rural
22,4,Instituto J&F
22,2,Lhg Mining
22,2,Canal Rural
22,1,Picpay
22,3,Banco Original
22,4,Canal Rural
22,3,Instituto J&F
22,4,Âmbar Energia
22,5,Instituto J&F
22,1,Grupo Flora
22,2,Instituto J&F
22,4,Grupo Flora
22,2,Instituto J&F
22,5,Banco Original
22,1,Âmbar Energia
22,5,Lhg Mining
22,2,Grupo Flora
22,3,Âmbar Energia
22,2,Picpay
22,5,Banco Original
22,4,Eldorado Brasil
22,4,Grupo Flora
22,1,Outros
22,5,Grupo JBS
22,1,Eldorado Brasil
22,4,Banco Original
22,2,Banco Original
22,5,Instituto J&F
22,2,Grupo Flora
22,1,Banco Original
22,1,Grupo Flora
22,1,Lhg Mining
22,5,Banco Original
22,4,Instituto J&F
22,5,Grupo Flora
22,4,Instituto J&F
22,5,Picpay
22,5,Outros
22,2,Banco Original
22,5,Eldorado Brasil
22,4,Lhg Mining
22,1,Lhg Mining
